[{"userName":"Sandeep","password":"sandeep123","dateOfBirth":"20-02-1999","gender":"Male"},{"userName":"Keerthana","password":"keerthana123","dateOfBirth":"20-02-1999","gender":"Female"},{"userName":"Vigneshwaryi","password":"vicky123","dateOfBirth":"20-02-1999","gender":"Female"},{"userName":"","password":"","dateOfBirth":"","gender":"Male"},{"userName":"Preethika","password":"peethi","dateOfBirth":"2020-11-18","gender":"Female"},{"userName":"","password":"","dateOfBirth":"","gender":"Male"},{"userName":"Preethi","password":"preethi","dateOfBirth":"2020-11-29","gender":"Female"}]